filename,width,height,class,xmin,ymin,xmax,ymax
train (1).jpg,800,600,doc,260,18,530,534
train (11).jpg,800,600,doc,58,95,775,461
train (101).jpg,800,600,doc,65,85,735,475
train (1001).jpg,800,600,doc,135,41,588,600
train (1002).jpg,800,600,doc,131,48,701,525
train (1003).jpg,800,600,doc,161,1,621,600
train (1004).jpg,800,600,doc,111,1,698,521
train (1005).jpg,800,600,doc,18,65,715,458
train (1006).jpg,800,600,doc,155,1,741,600
train (1007).jpg,800,600,doc,165,11,581,600
train (1008).jpg,800,600,doc,51,5,618,600
train (1009).jpg,800,600,doc,11,88,800,521
train (1010).jpg,800,600,doc,1,21,718,600
train (102).jpg,800,600,doc,58,65,731,461
train (1011).jpg,800,600,doc,108,1,735,598
train (1012).jpg,800,600,doc,18,55,788,591
train (1013).jpg,800,600,doc,45,58,800,547
train (1014).jpg,800,600,doc,171,8,661,581
train (1015).jpg,800,600,doc,105,35,665,571
train (1016).jpg,800,600,doc,224,2,578,582
train (1017).jpg,800,600,doc,211,11,588,588
train (103).jpg,800,600,doc,61,5,554,600
train (104).jpg,800,600,doc,5,35,798,508
train (105).jpg,800,600,doc,18,38,785,491
train (106).jpg,800,600,doc,205,44,625,565
train (107).jpg,800,600,doc,191,5,461,598
train (108).jpg,800,600,doc,41,8,766,600
train (109).jpg,800,600,doc,151,78,643,600
train (110).jpg,800,600,doc,25,38,775,598
train (12).jpg,800,600,doc,88,25,638,598
train (111).jpg,800,600,doc,181,58,621,528
train (112).jpg,800,600,doc,221,18,501,535
train (113).jpg,800,600,doc,88,8,741,600
train (114).jpg,800,600,doc,141,8,701,548
train (115).jpg,800,600,doc,211,1,630,600
train (116).jpg,800,600,doc,168,25,638,551
train (117).jpg,800,600,doc,48,75,765,481
train (118).jpg,800,600,doc,5,41,798,522
train (119).jpg,800,600,doc,105,105,698,445
train (120).jpg,800,600,doc,141,8,681,600
train (13).jpg,800,600,doc,35,18,798,455
train (121).jpg,800,600,doc,211,98,518,521
train (122).jpg,800,600,doc,145,1,685,545
train (123).jpg,800,600,doc,261,15,598,538
train (124).jpg,800,600,doc,151,8,628,595
train (125).jpg,800,600,doc,168,68,661,428
train (126).jpg,800,600,doc,154,1,621,600
train (127).jpg,800,600,doc,165,1,555,535
train (128).jpg,800,600,doc,41,78,791,568
train (129).jpg,800,600,doc,31,75,798,568
train (130).jpg,800,600,doc,135,25,565,435
train (14).jpg,800,600,doc,148,1,625,600
train (131).jpg,800,600,doc,125,28,565,431
train (132).jpg,800,600,doc,228,11,545,595
train (133).jpg,800,600,doc,268,78,551,478
train (134).jpg,800,600,doc,8,75,798,508
train (135).jpg,800,600,doc,165,58,621,438
train (136).jpg,800,600,doc,105,21,618,548
train (137).jpg,800,600,doc,225,55,585,508
train (138).jpg,800,600,doc,245,48,515,558
train (139).jpg,800,600,doc,88,58,631,600
train (140).jpg,800,600,doc,135,5,578,598
train (15).jpg,800,600,doc,35,65,745,501
train (141).jpg,800,600,doc,138,8,581,598
train (142).jpg,800,600,doc,105,1,605,598
train (143).jpg,800,600,doc,135,11,568,598
train (144).jpg,800,600,doc,1,1,635,600
train (145).jpg,800,600,doc,265,21,531,528
train (146).jpg,800,600,doc,121,71,615,525
train (147).jpg,800,600,doc,83,55,525,600
train (148).jpg,800,600,doc,201,28,535,600
train (149).jpg,800,600,doc,221,8,617,600
train (150).jpg,800,600,doc,238,5,658,575
train (16).jpg,800,600,doc,295,1,588,600
train (151).jpg,800,600,doc,48,25,725,511
train (152).jpg,800,600,doc,95,58,721,600
train (153).jpg,800,600,doc,128,45,695,505
train (154).jpg,800,600,doc,131,71,735,471
train (155).jpg,800,600,doc,238,75,658,445
train (156).jpg,800,600,doc,204,1,575,598
train (157).jpg,800,600,doc,171,1,688,600
train (158).jpg,800,600,doc,215,5,471,571
train (159).jpg,800,600,doc,95,11,535,548
train (160).jpg,800,600,doc,208,8,518,555
train (17).jpg,800,600,doc,158,51,668,525
train (161).jpg,800,600,doc,21,5,786,600
train (162).jpg,800,600,doc,121,31,735,558
train (163).jpg,800,600,doc,128,18,721,528
train (164).jpg,800,600,doc,138,5,658,600
train (165).jpg,800,600,doc,11,61,798,571
train (166).jpg,800,600,doc,225,41,515,568
train (167).jpg,800,600,doc,171,11,581,598
train (168).jpg,800,600,doc,55,91,795,525
train (169).jpg,800,600,doc,108,38,635,541
train (170).jpg,800,600,doc,98,28,768,551
train (18).jpg,800,600,doc,1,18,800,551
train (171).jpg,800,600,doc,287,47,621,565
train (172).jpg,800,600,doc,158,78,524,600
train (173).jpg,800,600,doc,125,18,565,558
train (174).jpg,800,600,doc,125,41,658,421
train (175).jpg,800,600,doc,225,21,548,555
train (176).jpg,800,600,doc,241,5,562,600
train (177).jpg,800,600,doc,91,11,718,541
train (178).jpg,800,600,doc,125,21,695,551
train (179).jpg,800,600,doc,148,21,698,491
train (180).jpg,800,600,doc,25,45,765,511
train (19).jpg,800,600,doc,128,15,641,585
train (181).jpg,800,600,doc,28,8,711,600
train (182).jpg,800,600,doc,208,58,615,531
train (183).jpg,800,600,doc,245,28,549,600
train (184).jpg,800,600,doc,53,5,658,600
train (185).jpg,800,600,doc,245,25,618,555
train (186).jpg,800,600,doc,260,8,631,600
train (187).jpg,800,600,doc,181,55,561,551
train (188).jpg,800,600,doc,101,188,739,600
train (189).jpg,800,600,doc,131,5,671,600
train (190).jpg,800,600,doc,205,48,561,521
train (20).jpg,800,600,doc,161,5,637,600
train (191).jpg,800,600,doc,95,11,594,600
train (192).jpg,800,600,doc,285,38,595,535
train (193).jpg,800,600,doc,78,112,711,499
train (194).jpg,800,600,doc,101,31,681,531
train (195).jpg,800,600,doc,265,5,601,600
train (196).jpg,800,600,doc,201,35,678,600
train (197).jpg,800,600,doc,58,1,676,600
train (198).jpg,800,600,doc,148,15,648,585
train (199).jpg,800,600,doc,1,8,800,590
train (200).jpg,800,600,doc,2,5,555,600
train (3).jpg,800,600,doc,35,1,667,600
train (21).jpg,800,600,doc,158,28,680,600
train (201).jpg,800,600,doc,215,1,531,588
train (202).jpg,800,600,doc,178,5,593,600
train (203).jpg,800,600,doc,175,8,580,600
train (204).jpg,800,600,doc,160,1,555,600
train (205).jpg,800,600,doc,70,58,618,600
train (206).jpg,800,600,doc,18,5,748,600
train (207).jpg,800,600,doc,235,45,556,600
train (208).jpg,800,600,doc,185,78,608,491
train (209).jpg,800,600,doc,178,68,615,491
train (210).jpg,800,600,doc,25,21,800,488
train (22).jpg,800,600,doc,191,1,595,525
train (211).jpg,800,600,doc,171,1,648,575
train (212).jpg,800,600,doc,65,25,615,468
train (213).jpg,800,600,doc,1,18,800,597
train (214).jpg,800,600,doc,241,1,561,565
train (215).jpg,800,600,doc,41,78,755,485
train (216).jpg,800,600,doc,121,28,576,600
train (217).jpg,800,600,doc,225,18,525,548
train (218).jpg,800,600,doc,125,11,662,600
train (219).jpg,800,600,doc,214,5,597,600
train (220).jpg,800,600,doc,21,38,800,538
train (23).jpg,800,600,doc,178,11,595,600
train (221).jpg,800,600,doc,198,1,604,600
train (222).jpg,800,600,doc,215,31,491,585
train (223).jpg,800,600,doc,218,5,585,598
train (224).jpg,800,600,doc,238,21,540,600
train (225).jpg,800,600,doc,18,61,800,522
train (226).jpg,800,600,doc,101,98,765,471
train (227).jpg,800,600,doc,195,1,619,600
train (228).jpg,800,600,doc,55,1,788,575
train (229).jpg,800,600,doc,108,5,640,600
train (230).jpg,800,600,doc,191,5,552,600
train (24).jpg,800,600,doc,164,15,584,600
train (231).jpg,800,600,doc,91,5,693,600
train (232).jpg,800,600,doc,48,41,800,468
train (233).jpg,800,600,doc,215,8,581,600
train (234).jpg,800,600,doc,265,18,535,535
train (235).jpg,800,600,doc,261,31,565,538
train (236).jpg,800,600,doc,105,1,675,498
train (237).jpg,800,600,doc,235,8,608,600
train (238).jpg,800,600,doc,245,5,575,585
train (239).jpg,800,600,doc,305,8,670,600
train (240).jpg,800,600,doc,145,18,585,321
train (25).jpg,800,600,doc,5,11,800,514
train (241).jpg,800,600,doc,178,18,608,505
train (242).jpg,800,600,doc,115,15,702,600
train (243).jpg,800,600,doc,8,58,699,600
train (244).jpg,800,600,doc,98,5,651,598
train (245).jpg,800,600,doc,198,5,618,598
train (246).jpg,800,600,doc,178,15,611,561
train (247).jpg,800,600,doc,185,15,618,551
train (248).jpg,800,600,doc,128,71,691,511
train (249).jpg,800,600,doc,181,8,561,555
train (250).jpg,800,600,doc,168,141,471,511
train (26).jpg,800,600,doc,11,61,766,600
train (251).jpg,800,600,doc,138,38,528,541
train (252).jpg,800,600,doc,231,61,555,485
train (253).jpg,800,600,doc,181,28,510,600
train (254).jpg,800,600,doc,261,55,568,408
train (255).jpg,800,600,doc,55,1,746,600
train (256).jpg,800,600,doc,5,1,696,600
train (257).jpg,800,600,doc,181,8,661,600
train (258).jpg,800,600,doc,145,1,585,600
train (259).jpg,800,600,doc,65,1,627,600
train (260).jpg,800,600,doc,121,5,645,498
train (27).jpg,800,600,doc,168,8,665,571
train (261).jpg,800,600,doc,228,1,600,600
train (262).jpg,800,600,doc,175,28,611,600
train (263).jpg,800,600,doc,161,21,765,508
train (264).jpg,800,600,doc,28,5,771,495
train (265).jpg,800,600,doc,258,25,533,600
train (266).jpg,800,600,doc,28,41,771,485
train (267).jpg,800,600,doc,28,55,768,491
train (268).jpg,800,600,doc,168,78,581,485
train (269).jpg,800,600,doc,158,85,598,498
train (270).jpg,800,600,doc,108,55,648,488
train (28).jpg,800,600,doc,5,5,784,600
train (271).jpg,800,600,doc,121,8,651,591
train (272).jpg,800,600,doc,115,8,655,588
train (273).jpg,800,600,doc,275,5,704,600
train (274).jpg,800,600,doc,145,108,615,485
train (275).jpg,800,600,doc,1,45,728,448
train (276).jpg,800,600,doc,135,15,561,541
train (277).jpg,800,600,doc,138,15,701,541
train (278).jpg,800,600,doc,145,18,588,555
train (279).jpg,800,600,doc,188,5,605,551
train (280).jpg,800,600,doc,248,58,578,468
train (29).jpg,800,600,doc,51,61,458,518
train (29).jpg,800,600,doc,455,75,738,231
train (281).jpg,800,600,doc,35,1,594,600
train (282).jpg,800,600,doc,138,8,635,600
train (283).jpg,800,600,doc,221,65,542,600
train (284).jpg,800,600,doc,81,8,650,600
train (285).jpg,800,600,doc,248,8,604,600
train (286).jpg,800,600,doc,5,1,800,596
train (287).jpg,800,600,doc,155,5,621,600
train (288).jpg,800,600,doc,1,15,800,484
train (289).jpg,800,600,doc,245,1,557,600
train (290).jpg,800,600,doc,131,1,697,600
train (30).jpg,800,600,doc,205,8,589,600
train (291).jpg,800,600,doc,98,1,637,600
train (292).jpg,800,600,doc,41,5,774,600
train (293).jpg,800,600,doc,245,15,468,428
train (294).jpg,800,600,doc,98,61,696,600
train (295).jpg,800,600,doc,1,31,795,600
train (296).jpg,800,600,doc,261,35,565,528
train (297).jpg,800,600,doc,145,21,635,600
train (298).jpg,800,600,doc,175,5,715,600
train (299).jpg,800,600,doc,21,5,769,600
train (300).jpg,800,600,doc,131,101,368,415
train (300).jpg,800,600,doc,371,141,675,395
train (4).jpg,800,600,doc,1,71,800,596
train (31).jpg,800,600,doc,251,21,597,600
train (301).jpg,800,600,doc,121,11,679,600
train (302).jpg,800,600,doc,151,51,645,600
train (303).jpg,800,600,doc,108,25,421,441
train (304).jpg,800,600,doc,235,8,515,558
train (305).jpg,800,600,doc,301,5,575,521
train (306).jpg,800,600,doc,148,65,652,600
train (307).jpg,800,600,doc,35,5,741,600
train (308).jpg,800,600,doc,191,8,581,600
train (309).jpg,800,600,doc,1,1,800,587
train (310).jpg,800,600,doc,15,11,758,455
train (32).jpg,800,600,doc,251,18,504,545
train (311).jpg,800,600,doc,201,35,600,600
train (312).jpg,800,600,doc,131,5,658,531
train (313).jpg,800,600,doc,155,5,591,598
train (314).jpg,800,600,doc,161,58,618,545
train (315).jpg,800,600,doc,265,55,728,525
train (316).jpg,800,600,doc,208,1,554,600
train (317).jpg,800,600,doc,148,1,574,600
train (318).jpg,800,600,doc,161,8,528,521
train (319).jpg,800,600,doc,5,3,800,421
train (320).jpg,800,600,doc,128,35,624,598
train (33).jpg,800,600,doc,165,5,611,558
train (321).jpg,800,600,doc,138,5,471,581
train (322).jpg,800,600,doc,91,48,735,575
train (323).jpg,800,600,doc,128,65,625,538
train (324).jpg,800,600,doc,11,5,800,595
train (325).jpg,800,600,doc,255,1,548,588
train (326).jpg,800,600,doc,151,8,571,518
train (327).jpg,800,600,doc,198,1,461,600
train (328).jpg,800,600,doc,231,5,658,558
train (329).jpg,800,600,doc,1,18,800,539
train (330).jpg,800,600,doc,5,78,800,454
train (34).jpg,800,600,doc,135,5,653,600
train (331).jpg,800,600,doc,191,8,701,588
train (332).jpg,800,600,doc,171,8,724,600
train (333).jpg,800,600,doc,234,51,548,528
train (334).jpg,800,600,doc,55,45,635,600
train (335).jpg,800,600,doc,118,15,665,600
train (336).jpg,800,600,doc,105,1,718,561
train (337).jpg,800,600,doc,205,58,621,505
train (338).jpg,800,600,doc,154,9,594,599
train (339).jpg,800,600,doc,31,8,678,600
train (340).jpg,800,600,doc,135,5,730,600
train (35).jpg,800,600,doc,141,5,631,600
train (341).jpg,800,600,doc,131,1,648,600
train (342).jpg,800,600,doc,111,5,731,571
train (343).jpg,800,600,doc,131,15,564,600
train (344).jpg,800,600,doc,261,5,649,600
train (345).jpg,800,600,doc,25,5,659,600
train (346).jpg,800,600,doc,85,5,702,600
train (347).jpg,800,600,doc,1,35,765,600
train (348).jpg,800,600,doc,121,5,648,448
train (349).jpg,800,600,doc,241,5,541,551
train (350).jpg,800,600,doc,8,15,800,501
train (350).jpg,800,600,doc,561,31,791,158
train (36).jpg,800,600,doc,245,31,631,600
train (351).jpg,800,600,doc,195,35,644,600
train (352).jpg,800,600,doc,78,5,748,600
train (353).jpg,800,600,doc,161,1,584,600
train (354).jpg,800,600,doc,18,15,691,485
train (355).jpg,800,600,doc,238,91,608,425
train (356).jpg,800,600,doc,138,5,785,600
train (357).jpg,800,600,doc,38,118,728,511
train (358).jpg,800,600,doc,95,1,626,600
train (359).jpg,800,600,doc,155,21,595,585
train (360).jpg,800,600,doc,131,41,618,428
train (37).jpg,800,600,doc,58,15,772,600
train (361).jpg,800,600,doc,155,1,628,600
train (362).jpg,800,600,doc,191,25,491,565
train (363).jpg,800,600,doc,235,8,491,581
train (364).jpg,800,600,doc,198,78,678,425
train (365).jpg,800,600,doc,248,18,571,525
train (366).jpg,800,600,doc,158,18,698,600
train (367).jpg,800,600,doc,228,98,593,600
train (368).jpg,800,600,doc,248,5,589,600
train (369).jpg,800,600,doc,129,1,555,581
train (370).jpg,800,600,doc,1,21,800,511
train (38).jpg,800,600,doc,95,68,711,548
train (371).jpg,800,600,doc,261,25,605,575
train (372).jpg,800,600,doc,175,25,685,591
train (373).jpg,800,600,doc,1,55,758,515
train (374).jpg,800,600,doc,248,41,568,501
train (375).jpg,800,600,doc,105,11,651,600
train (376).jpg,800,600,doc,35,1,741,600
train (377).jpg,800,600,doc,225,1,591,600
train (378).jpg,800,600,doc,208,8,687,600
train (379).jpg,800,600,doc,38,5,755,498
train (380).jpg,800,600,doc,8,11,800,579
train (39).jpg,800,600,doc,235,11,538,581
train (381).jpg,800,600,doc,285,8,558,541
train (382).jpg,800,600,doc,121,5,596,600
train (383).jpg,800,600,doc,201,25,661,511
train (384).jpg,800,600,doc,191,5,590,600
train (385).jpg,800,600,doc,158,1,631,508
train (386).jpg,800,600,doc,111,1,678,600
train (387).jpg,800,600,doc,185,5,586,600
train (388).jpg,800,600,doc,138,5,701,555
train (389).jpg,800,600,doc,255,1,525,600
train (390).jpg,800,600,doc,251,15,525,521
train (40).jpg,800,600,doc,1,25,800,550
train (391).jpg,800,600,doc,168,61,675,600
train (392).jpg,800,600,doc,261,5,539,600
train (393).jpg,800,600,doc,135,5,649,600
train (394).jpg,800,600,doc,148,51,613,600
train (395).jpg,800,600,doc,154,68,550,600
train (396).jpg,800,600,doc,98,15,705,528
train (397).jpg,800,600,doc,221,65,617,600
train (398).jpg,800,600,doc,191,25,601,528
train (399).jpg,800,600,doc,185,38,638,551
train (400).jpg,800,600,doc,135,51,658,458
train (5).jpg,800,600,doc,181,5,722,600
train (41).jpg,800,600,doc,145,1,615,600
train (401).jpg,800,600,doc,45,1,721,565
train (402).jpg,800,600,doc,218,5,583,600
train (403).jpg,800,600,doc,85,115,738,471
train (404).jpg,800,600,doc,195,51,605,568
train (405).jpg,800,600,doc,178,61,661,508
train (406).jpg,800,600,doc,1,65,798,575
train (407).jpg,800,600,doc,168,5,619,600
train (408).jpg,800,600,doc,5,18,791,558
train (409).jpg,800,600,doc,135,18,661,548
train (410).jpg,800,600,doc,118,21,615,465
train (42).jpg,800,600,doc,181,5,565,600
train (411).jpg,800,600,doc,258,11,537,600
train (412).jpg,800,600,doc,165,21,678,451
train (413).jpg,800,600,doc,148,1,597,600
train (414).jpg,800,600,doc,1,86,571,555
train (415).jpg,800,600,doc,232,8,558,455
train (416).jpg,800,600,doc,195,28,643,600
train (417).jpg,800,600,doc,168,5,641,581
train (418).jpg,800,600,doc,51,5,758,585
train (419).jpg,800,600,doc,218,5,583,600
train (420).jpg,800,600,doc,125,28,605,468
train (43).jpg,800,600,doc,65,75,718,488
train (421).jpg,800,600,doc,15,18,681,585
train (422).jpg,800,600,doc,88,78,738,455
train (423).jpg,800,600,doc,91,1,708,495
train (424).jpg,800,600,doc,38,11,604,600
train (425).jpg,800,600,doc,78,38,718,571
train (426).jpg,800,600,doc,11,105,800,409
train (427).jpg,800,600,doc,95,28,671,598
train (428).jpg,800,600,doc,31,5,780,600
train (429).jpg,800,600,doc,178,28,621,518
train (430).jpg,800,600,doc,198,8,791,508
train (44).jpg,800,600,doc,68,8,655,545
train (431).jpg,800,600,doc,8,45,791,588
train (432).jpg,800,600,doc,61,38,661,600
train (433).jpg,800,600,doc,121,1,648,568
train (434).jpg,800,600,doc,195,18,641,521
train (435).jpg,800,600,doc,161,5,575,600
train (436).jpg,800,600,doc,175,48,598,518
train (437).jpg,800,600,doc,288,8,588,551
train (438).jpg,800,600,doc,161,5,542,600
train (439).jpg,800,600,doc,71,41,751,545
train (440).jpg,800,600,doc,118,51,595,545
train (45).jpg,800,600,doc,205,1,575,600
train (441).jpg,800,600,doc,258,1,625,555
train (442).jpg,800,600,doc,151,5,651,600
train (443).jpg,800,600,doc,255,1,585,568
train (444).jpg,800,600,doc,5,41,800,592
train (445).jpg,800,600,doc,165,15,628,581
train (446).jpg,800,600,doc,175,18,658,598
train (447).jpg,800,600,doc,5,21,800,538
train (448).jpg,800,600,doc,175,18,567,600
train (449).jpg,800,600,doc,181,28,545,588
train (450).jpg,800,600,doc,248,5,551,541
train (46).jpg,800,600,doc,165,5,658,541
train (451).jpg,800,600,doc,138,5,681,600
train (452).jpg,800,600,doc,198,18,581,498
train (453).jpg,800,600,doc,68,11,673,600
train (454).jpg,800,600,doc,255,8,691,600
train (455).jpg,800,600,doc,265,95,671,555
train (456).jpg,800,600,doc,88,78,505,548
train (456).jpg,800,600,doc,465,221,795,415
train (457).jpg,800,600,doc,168,5,581,545
train (458).jpg,800,600,doc,25,41,798,549
train (459).jpg,800,600,doc,191,15,621,535
train (460).jpg,800,600,doc,151,51,647,600
train (47).jpg,800,600,doc,151,31,560,600
train (461).jpg,800,600,doc,171,1,699,600
train (462).jpg,800,600,doc,8,1,800,580
train (463).jpg,800,600,doc,88,5,721,438
train (464).jpg,800,600,doc,51,8,734,600
train (465).jpg,800,600,doc,181,31,718,495
train (466).jpg,800,600,doc,18,18,800,450
train (467).jpg,800,600,doc,1,5,775,600
train (468).jpg,800,600,doc,18,58,800,514
train (469).jpg,800,600,doc,251,58,525,535
train (470).jpg,800,600,doc,185,31,591,581
train (48).jpg,800,600,doc,8,58,800,534
train (471).jpg,800,600,doc,198,15,598,575
train (472).jpg,800,600,doc,191,8,607,600
train (473).jpg,800,600,doc,81,5,682,600
train (474).jpg,800,600,doc,81,68,735,451
train (475).jpg,800,600,doc,235,8,641,591
train (476).jpg,800,600,doc,261,8,615,565
train (477).jpg,800,600,doc,105,38,562,600
train (478).jpg,800,600,doc,105,5,645,600
train (479).jpg,800,600,doc,75,85,687,600
train (480).jpg,800,600,doc,1,1,761,600
train (49).jpg,800,600,doc,5,15,474,600
train (481).jpg,800,600,doc,11,198,788,408
train (482).jpg,800,600,doc,185,1,618,600
train (483).jpg,800,600,doc,178,55,628,515
train (484).jpg,800,600,doc,181,65,625,508
train (485).jpg,800,600,doc,15,68,725,461
train (486).jpg,800,600,doc,5,11,797,600
train (487).jpg,800,600,doc,61,81,715,471
train (488).jpg,800,600,doc,188,5,595,600
train (489).jpg,800,600,doc,221,5,568,581
train (490).jpg,800,600,doc,275,18,555,545
train (50).jpg,800,600,doc,198,1,505,511
train (491).jpg,800,600,doc,121,15,661,555
train (492).jpg,800,600,doc,101,8,549,600
train (493).jpg,800,600,doc,148,5,687,600
train (494).jpg,800,600,doc,159,41,569,571
train (495).jpg,800,600,doc,231,15,621,551
train (496).jpg,800,600,doc,55,15,685,598
train (497).jpg,800,600,doc,225,1,584,600
train (498).jpg,800,600,doc,25,1,800,556
train (499).jpg,800,600,doc,148,18,641,541
train (500).jpg,800,600,doc,68,68,771,600
train (6).jpg,800,600,doc,131,21,688,571
train (51).jpg,800,600,doc,201,18,658,548
train (501).jpg,800,600,doc,15,105,800,414
train (502).jpg,800,600,doc,145,41,598,588
train (503).jpg,800,600,doc,28,5,735,595
train (504).jpg,800,600,doc,251,11,608,451
train (505).jpg,800,600,doc,108,5,603,600
train (506).jpg,800,600,doc,95,55,655,515
train (507).jpg,800,600,doc,128,48,728,561
train (508).jpg,800,600,doc,65,25,769,600
train (509).jpg,800,600,doc,148,1,601,600
train (510).jpg,800,600,doc,25,45,775,491
train (52).jpg,800,600,doc,272,12,572,585
train (511).jpg,800,600,doc,168,8,551,578
train (512).jpg,800,600,doc,198,31,635,521
train (513).jpg,800,600,doc,81,45,661,578
train (514).jpg,800,600,doc,238,8,541,581
train (515).jpg,800,600,doc,61,98,551,568
train (516).jpg,800,600,doc,238,1,551,571
train (517).jpg,800,600,doc,175,18,647,600
train (518).jpg,800,600,doc,5,5,708,555
train (519).jpg,800,600,doc,58,85,741,515
train (520).jpg,800,600,doc,8,5,800,599
train (53).jpg,800,600,doc,161,1,625,518
train (521).jpg,800,600,doc,118,21,681,551
train (522).jpg,800,600,doc,158,1,641,600
train (523).jpg,800,600,doc,91,5,741,131
train (523).jpg,800,600,doc,1,6,748,425
train (524).jpg,800,600,doc,225,1,561,598
train (525).jpg,800,600,doc,41,5,748,401
train (526).jpg,800,600,doc,135,1,605,600
train (527).jpg,800,600,doc,211,18,545,568
train (528).jpg,800,600,doc,105,1,691,561
train (529).jpg,800,600,doc,35,61,800,463
train (530).jpg,800,600,doc,71,1,748,600
train (54).jpg,800,600,doc,138,11,558,600
train (531).jpg,800,600,doc,178,8,581,558
train (532).jpg,800,600,doc,78,48,678,600
train (533).jpg,800,600,doc,21,75,791,491
train (534).jpg,800,600,doc,201,1,589,600
train (535).jpg,800,600,doc,328,25,508,425
train (536).jpg,800,600,doc,5,61,798,544
train (537).jpg,800,600,doc,61,11,768,551
train (538).jpg,800,600,doc,245,5,560,600
train (539).jpg,800,600,doc,28,5,455,585
train (539).jpg,800,600,doc,445,81,745,511
train (540).jpg,800,600,doc,201,21,646,600
train (55).jpg,800,600,doc,1,5,799,600
train (541).jpg,800,600,doc,232,55,592,541
train (542).jpg,800,600,doc,135,1,654,600
train (543).jpg,800,600,doc,11,21,791,600
train (544).jpg,800,600,doc,125,21,615,458
train (545).jpg,800,600,doc,201,5,525,578
train (546).jpg,800,600,doc,171,21,631,471
train (547).jpg,800,600,doc,58,5,685,535
train (548).jpg,800,600,doc,275,15,535,571
train (549).jpg,800,600,doc,51,18,628,558
train (550).jpg,800,600,doc,65,5,662,481
train (56).jpg,800,600,doc,201,5,521,600
train (551).jpg,800,600,doc,205,5,563,600
train (552).jpg,800,600,doc,135,78,675,548
train (553).jpg,800,600,doc,1,18,800,543
train (554).jpg,800,600,doc,168,21,678,568
train (555).jpg,800,600,doc,191,1,573,600
train (556).jpg,800,600,doc,1,41,800,535
train (557).jpg,800,600,doc,45,8,725,565
train (558).jpg,800,600,doc,155,5,656,600
train (559).jpg,800,600,doc,1,71,588,600
train (560).jpg,800,600,doc,61,138,345,361
train (560).jpg,800,600,doc,338,88,725,461
train (57).jpg,800,600,doc,254,15,618,600
train (561).jpg,800,600,doc,5,1,648,600
train (562).jpg,800,600,doc,195,1,748,545
train (563).jpg,800,600,doc,21,21,800,477
train (564).jpg,800,600,doc,198,1,531,578
train (565).jpg,800,600,doc,5,121,800,520
train (566).jpg,800,600,doc,198,11,571,575
train (567).jpg,800,600,doc,245,5,635,535
train (568).jpg,800,600,doc,1,75,791,501
train (569).jpg,800,600,doc,241,1,514,600
train (570).jpg,800,600,doc,71,1,638,571
train (58).jpg,800,600,doc,5,68,800,582
train (571).jpg,800,600,doc,208,11,668,561
train (572).jpg,800,600,doc,151,15,594,600
train (573).jpg,800,600,doc,15,5,624,600
train (574).jpg,800,600,doc,65,18,643,600
train (575).jpg,800,600,doc,258,11,545,581
train (576).jpg,800,600,doc,155,1,589,600
train (577).jpg,800,600,doc,95,1,673,600
train (578).jpg,800,600,doc,15,121,791,551
train (579).jpg,800,600,doc,35,58,745,451
train (580).jpg,800,600,doc,308,68,548,521
train (59).jpg,800,600,doc,271,18,561,501
train (581).jpg,800,600,doc,111,41,605,518
train (582).jpg,800,600,doc,71,1,728,600
train (583).jpg,800,600,doc,88,1,718,571
train (584).jpg,800,600,doc,98,15,525,600
train (585).jpg,800,600,doc,125,15,735,600
train (586).jpg,800,600,doc,141,8,746,600
train (587).jpg,800,600,doc,198,1,591,591
train (588).jpg,800,600,doc,71,91,755,495
train (589).jpg,800,600,doc,171,5,535,461
train (590).jpg,800,600,doc,108,1,658,595
train (60).jpg,800,600,doc,171,1,668,600
train (591).jpg,800,600,doc,95,5,635,600
train (592).jpg,800,600,doc,121,51,672,600
train (593).jpg,800,600,doc,11,11,785,600
train (594).jpg,800,600,doc,261,1,625,575
train (595).jpg,800,600,doc,21,1,791,428
train (596).jpg,800,600,doc,35,11,780,600
train (597).jpg,800,600,doc,55,85,765,478
train (598).jpg,800,600,doc,81,1,695,600
train (599).jpg,800,600,doc,11,41,800,516
train (600).jpg,800,600,doc,35,41,748,548
train (7).jpg,800,600,doc,5,5,799,600
train (61).jpg,800,600,doc,161,5,685,600
train (601).jpg,800,600,doc,228,5,645,578
train (602).jpg,800,600,doc,125,5,691,571
train (603).jpg,800,600,doc,178,25,705,521
train (604).jpg,800,600,doc,228,55,628,515
train (605).jpg,800,600,doc,171,5,630,600
train (606).jpg,800,600,doc,1,21,771,491
train (607).jpg,800,600,doc,55,1,775,585
train (608).jpg,800,600,doc,11,25,788,433
train (609).jpg,800,600,doc,228,5,528,551
train (610).jpg,800,600,doc,1,1,765,495
train (62).jpg,800,600,doc,98,1,642,600
train (611).jpg,800,600,doc,58,18,481,388
train (612).jpg,800,600,doc,205,28,651,511
train (613).jpg,800,600,doc,81,1,780,600
train (614).jpg,800,600,doc,158,1,630,600
train (615).jpg,800,600,doc,171,1,639,600
train (616).jpg,800,600,doc,1,35,800,577
train (617).jpg,800,600,doc,172,38,555,491
train (618).jpg,800,600,doc,61,71,781,511
train (619).jpg,800,600,doc,175,11,612,600
train (620).jpg,800,600,doc,85,1,685,521
train (63).jpg,800,600,doc,231,5,595,575
train (621).jpg,800,600,doc,265,8,517,600
train (622).jpg,800,600,doc,155,48,595,600
train (623).jpg,800,600,doc,215,1,558,600
train (624).jpg,800,600,doc,201,21,618,571
train (625).jpg,800,600,doc,121,5,666,600
train (626).jpg,800,600,doc,168,18,628,558
train (627).jpg,800,600,doc,88,58,691,555
train (628).jpg,800,600,doc,8,101,800,568
train (629).jpg,800,600,doc,21,18,798,461
train (630).jpg,800,600,doc,162,1,695,558
train (64).jpg,800,600,doc,95,11,618,600
train (631).jpg,800,600,doc,194,21,531,591
train (632).jpg,800,600,doc,1,85,800,500
train (633).jpg,800,600,doc,48,108,775,518
train (634).jpg,800,600,doc,118,1,671,561
train (635).jpg,800,600,doc,121,65,631,585
train (636).jpg,800,600,doc,111,88,695,435
train (637).jpg,800,600,doc,131,35,651,595
train (638).jpg,800,600,doc,118,38,645,575
train (639).jpg,800,600,doc,151,35,691,505
train (640).jpg,800,600,doc,178,1,581,600
train (65).jpg,800,600,doc,121,8,630,600
train (641).jpg,800,600,doc,108,68,655,491
train (642).jpg,800,600,doc,194,65,671,600
train (643).jpg,800,600,doc,138,1,614,600
train (644).jpg,800,600,doc,291,138,531,355
train (645).jpg,800,600,doc,158,5,705,600
train (646).jpg,800,600,doc,258,1,558,588
train (647).jpg,800,600,doc,131,21,604,600
train (648).jpg,800,600,doc,68,8,637,600
train (649).jpg,800,600,doc,218,11,507,600
train (650).jpg,800,600,doc,208,15,521,541
train (66).jpg,800,600,doc,1,55,747,600
train (651).jpg,800,600,doc,1,71,800,568
train (652).jpg,800,600,doc,255,5,605,585
train (653).jpg,800,600,doc,138,21,681,585
train (654).jpg,800,600,doc,198,51,531,451
train (655).jpg,800,600,doc,188,1,631,600
train (656).jpg,800,600,doc,198,1,575,471
train (657).jpg,800,600,doc,211,35,555,600
train (658).jpg,800,600,doc,5,1,799,600
train (659).jpg,800,600,doc,1,18,800,464
train (660).jpg,800,600,doc,55,1,781,600
train (67).jpg,800,600,doc,155,5,774,600
train (661).jpg,800,600,doc,1,21,800,495
train (662).jpg,800,600,doc,1,58,800,475
train (663).jpg,800,600,doc,1,8,798,441
train (664).jpg,800,600,doc,205,31,585,581
train (665).jpg,800,600,doc,115,8,641,565
train (666).jpg,800,600,doc,145,1,615,600
train (667).jpg,800,600,doc,201,11,481,481
train (668).jpg,800,600,doc,188,1,641,585
train (669).jpg,800,600,doc,155,1,638,600
train (670).jpg,800,600,doc,211,1,525,458
train (68).jpg,800,600,doc,175,8,665,545
train (671).jpg,800,600,doc,151,5,628,551
train (672).jpg,800,600,doc,225,105,575,388
train (673).jpg,800,600,doc,238,51,661,551
train (674).jpg,800,600,doc,108,8,566,600
train (675).jpg,800,600,doc,135,21,615,575
train (676).jpg,800,600,doc,228,98,676,600
train (677).jpg,800,600,doc,101,8,702,600
train (678).jpg,800,600,doc,235,8,638,568
train (679).jpg,800,600,doc,5,21,795,585
train (680).jpg,800,600,doc,11,35,800,530
train (69).jpg,800,600,doc,121,18,708,568
train (681).jpg,800,600,doc,15,1,800,547
train (682).jpg,800,600,doc,125,5,554,600
train (683).jpg,800,600,doc,1,5,800,599
train (684).jpg,800,600,doc,145,5,658,551
train (685).jpg,800,600,doc,5,11,800,573
train (686).jpg,800,600,doc,121,35,591,511
train (687).jpg,800,600,doc,231,55,558,525
train (688).jpg,800,600,doc,11,5,800,600
train (689).jpg,800,600,doc,18,95,785,528
train (690).jpg,800,600,doc,228,18,565,595
train (70).jpg,800,600,doc,1,121,800,479
train (691).jpg,800,600,doc,165,58,595,571
train (692).jpg,800,600,doc,208,1,700,600
train (693).jpg,800,600,doc,141,5,621,571
train (694).jpg,800,600,doc,161,25,701,555
train (695).jpg,800,600,doc,1,11,800,572
train (696).jpg,800,600,doc,141,1,668,600
train (697).jpg,800,600,doc,58,1,773,600
train (698).jpg,800,600,doc,192,5,591,600
train (699).jpg,800,600,doc,238,28,541,481
train (700).jpg,800,600,doc,5,11,799,600
train (8).jpg,800,600,doc,191,5,665,600
train (71).jpg,800,600,doc,241,38,538,600
train (701).jpg,800,600,doc,1,15,730,600
train (702).jpg,800,600,doc,158,18,555,600
train (703).jpg,800,600,doc,121,11,700,600
train (704).jpg,800,600,doc,118,5,539,600
train (705).jpg,800,600,doc,85,1,653,600
train (706).jpg,800,600,doc,108,1,591,600
train (707).jpg,800,600,doc,121,31,641,548
train (708).jpg,800,600,doc,131,25,684,581
train (709).jpg,800,600,doc,41,31,428,565
train (710).jpg,800,600,doc,231,5,611,538
train (72).jpg,800,600,doc,238,5,501,595
train (711).jpg,800,600,doc,171,65,541,515
train (712).jpg,800,600,doc,165,11,625,535
train (713).jpg,800,600,doc,205,8,578,528
train (714).jpg,800,600,doc,105,21,771,581
train (715).jpg,800,600,doc,1,61,800,501
train (716).jpg,800,600,doc,145,28,688,545
train (717).jpg,800,600,doc,195,1,578,600
train (718).jpg,800,600,doc,155,8,665,600
train (719).jpg,800,600,doc,101,1,715,578
train (720).jpg,800,600,doc,148,8,528,595
train (73).jpg,800,600,doc,281,11,548,600
train (721).jpg,800,600,doc,38,1,721,600
train (722).jpg,800,600,doc,211,31,777,600
train (723).jpg,800,600,doc,5,31,800,495
train (724).jpg,800,600,doc,71,8,771,555
train (725).jpg,800,600,doc,138,1,636,600
train (726).jpg,800,600,doc,1,48,800,538
train (727).jpg,800,600,doc,51,68,695,408
train (728).jpg,800,600,doc,171,18,645,531
train (729).jpg,800,600,doc,15,1,695,488
train (730).jpg,800,600,doc,148,8,565,568
train (74).jpg,800,600,doc,205,18,593,600
train (731).jpg,800,600,doc,185,1,571,600
train (732).jpg,800,600,doc,228,1,708,538
train (733).jpg,800,600,doc,178,1,585,555
train (734).jpg,800,600,doc,141,61,641,600
train (735).jpg,800,600,doc,131,1,678,568
train (736).jpg,800,600,doc,165,38,625,491
train (737).jpg,800,600,doc,125,85,591,541
train (738).jpg,800,600,doc,75,1,719,598
train (739).jpg,800,600,doc,48,58,800,542
train (740).jpg,800,600,doc,168,68,605,595
train (75).jpg,800,600,doc,41,11,703,600
train (741).jpg,800,600,doc,118,1,715,443
train (742).jpg,800,600,doc,111,1,661,541
train (743).jpg,800,600,doc,1,1,800,575
train (744).jpg,800,600,doc,231,1,591,505
train (745).jpg,800,600,doc,188,11,641,558
train (746).jpg,800,600,doc,211,1,651,531
train (747).jpg,800,600,doc,188,1,579,600
train (748).jpg,800,600,doc,81,45,695,600
train (749).jpg,800,600,doc,2,1,800,600
train (750).jpg,800,600,doc,41,31,711,535
train (76).jpg,800,600,doc,228,8,655,600
train (751).jpg,800,600,doc,191,1,609,600
train (752).jpg,800,600,doc,161,8,688,571
train (753).jpg,800,600,doc,55,61,745,488
train (754).jpg,800,600,doc,245,5,579,600
train (755).jpg,800,600,doc,1,1,783,600
train (756).jpg,800,600,doc,25,45,800,488
train (757).jpg,800,600,doc,1,1,797,591
train (758).jpg,800,600,doc,108,11,654,600
train (759).jpg,800,600,doc,228,41,601,578
train (760).jpg,800,600,doc,158,1,600,600
train (77).jpg,800,600,doc,211,75,608,501
train (761).jpg,800,600,doc,181,1,633,600
train (762).jpg,800,600,doc,205,1,611,581
train (763).jpg,800,600,doc,138,11,625,545
train (764).jpg,800,600,doc,155,1,627,600
train (765).jpg,800,600,doc,1,58,800,519
train (766).jpg,800,600,doc,125,45,588,531
train (767).jpg,800,600,doc,238,1,579,600
train (768).jpg,800,600,doc,141,38,611,528
train (769).jpg,800,600,doc,151,38,548,448
train (770).jpg,800,600,doc,201,28,620,600
train (78).jpg,800,600,doc,181,15,621,485
train (771).jpg,800,600,doc,5,28,800,597
train (772).jpg,800,600,doc,15,111,761,508
train (773).jpg,800,600,doc,158,1,574,600
train (774).jpg,800,600,doc,225,25,585,551
train (775).jpg,800,600,doc,148,1,618,573
train (776).jpg,800,600,doc,148,1,688,498
train (777).jpg,800,600,doc,75,61,751,438
train (778).jpg,800,600,doc,51,18,775,438
train (779).jpg,800,600,doc,95,1,651,600
train (780).jpg,800,600,doc,121,5,698,585
train (79).jpg,800,600,doc,225,75,528,515
train (781).jpg,800,600,doc,168,5,626,600
train (782).jpg,800,600,doc,231,1,572,600
train (783).jpg,800,600,doc,101,1,761,568
train (784).jpg,800,600,doc,1,8,775,451
train (785).jpg,800,600,doc,248,1,661,600
train (786).jpg,800,600,doc,15,78,735,535
train (787).jpg,800,600,doc,85,35,735,438
train (788).jpg,800,600,doc,31,28,635,600
train (789).jpg,800,600,doc,165,1,607,600
train (790).jpg,800,600,doc,71,5,755,555
train (80).jpg,800,600,doc,139,5,624,600
train (791).jpg,800,600,doc,8,1,797,594
train (792).jpg,800,600,doc,85,18,665,571
train (793).jpg,800,600,doc,138,8,698,600
train (794).jpg,800,600,doc,51,1,661,575
train (795).jpg,800,600,doc,18,1,594,600
train (796).jpg,800,600,doc,1,8,800,588
train (797).jpg,800,600,doc,138,1,678,544
train (798).jpg,800,600,doc,171,12,658,558
train (799).jpg,800,600,doc,101,1,668,581
train (800).jpg,800,600,doc,68,78,741,538
train (9).jpg,800,600,doc,131,5,696,600
train (81).jpg,800,600,doc,118,1,643,600
train (801).jpg,800,600,doc,1,1,775,568
train (802).jpg,800,600,doc,1,45,800,532
train (803).jpg,800,600,doc,165,11,565,558
train (804).jpg,800,600,doc,155,1,595,555
train (805).jpg,800,600,doc,145,5,628,600
train (806).jpg,800,600,doc,218,5,568,600
train (807).jpg,800,600,doc,234,5,610,600
train (808).jpg,800,600,doc,135,1,645,455
train (809).jpg,800,600,doc,255,8,661,475
train (810).jpg,800,600,doc,181,8,611,600
train (82).jpg,800,600,doc,115,1,461,600
train (811).jpg,800,600,doc,98,5,735,558
train (812).jpg,800,600,doc,8,1,699,600
train (813).jpg,800,600,doc,205,31,585,600
train (814).jpg,800,600,doc,51,21,728,441
train (815).jpg,800,600,doc,8,108,788,555
train (816).jpg,800,600,doc,1,8,795,538
train (817).jpg,800,600,doc,255,1,551,600
train (818).jpg,800,600,doc,115,1,587,600
train (819).jpg,800,600,doc,75,48,655,531
train (820).jpg,800,600,doc,191,1,595,600
train (83).jpg,800,600,doc,235,38,605,581
train (821).jpg,800,600,doc,105,5,700,600
train (822).jpg,800,600,doc,115,5,738,431
train (823).jpg,800,600,doc,135,18,630,600
train (824).jpg,800,600,doc,248,15,598,448
train (825).jpg,800,600,doc,208,55,605,541
train (826).jpg,800,600,doc,251,25,555,571
train (827).jpg,800,600,doc,171,81,552,600
train (828).jpg,800,600,doc,78,18,614,600
train (829).jpg,800,600,doc,118,5,637,600
train (830).jpg,800,600,doc,248,1,557,578
train (84).jpg,800,600,doc,68,1,798,600
train (831).jpg,800,600,doc,125,1,741,600
train (832).jpg,800,600,doc,221,1,718,600
train (833).jpg,800,600,doc,1,1,800,600
train (834).jpg,800,600,doc,5,18,800,511
train (835).jpg,800,600,doc,1,15,800,571
train (836).jpg,800,600,doc,178,35,678,541
train (837).jpg,800,600,doc,25,71,788,498
train (838).jpg,800,600,doc,35,81,800,540
train (839).jpg,800,600,doc,75,1,713,600
train (840).jpg,800,600,doc,218,101,605,451
train (85).jpg,800,600,doc,1,8,796,600
train (841).jpg,800,600,doc,1,105,796,600
train (842).jpg,800,600,doc,261,75,563,600
train (843).jpg,800,600,doc,1,1,798,428
train (844).jpg,800,600,doc,155,8,637,600
train (845).jpg,800,600,doc,48,28,711,555
train (846).jpg,800,600,doc,178,1,625,558
train (847).jpg,800,600,doc,35,1,771,600
train (848).jpg,800,600,doc,108,21,691,485
train (849).jpg,800,600,doc,128,1,628,591
train (850).jpg,800,600,doc,135,85,628,491
train (86).jpg,800,600,doc,175,1,581,571
train (851).jpg,800,600,doc,98,11,621,528
train (852).jpg,800,600,doc,245,8,591,481
train (853).jpg,800,600,doc,111,21,738,455
train (854).jpg,800,600,doc,241,1,590,600
train (855).jpg,800,600,doc,1,25,800,500
train (856).jpg,800,600,doc,231,1,553,600
train (857).jpg,800,600,doc,18,8,668,515
train (858).jpg,800,600,doc,71,1,800,593
train (859).jpg,800,600,doc,124,1,671,600
train (860).jpg,800,600,doc,1,5,800,525
train (87).jpg,800,600,doc,98,8,630,600
train (861).jpg,800,600,doc,208,5,549,600
train (862).jpg,800,600,doc,158,1,778,464
train (863).jpg,800,600,doc,208,5,581,538
train (864).jpg,800,600,doc,161,15,641,535
train (865).jpg,800,600,doc,1,21,800,574
train (866).jpg,800,600,doc,95,51,745,438
train (867).jpg,800,600,doc,35,41,788,471
train (868).jpg,800,600,doc,41,1,668,581
train (869).jpg,800,600,doc,258,15,588,581
train (870).jpg,800,600,doc,195,25,611,565
train (88).jpg,800,600,doc,121,25,668,600
train (871).jpg,800,600,doc,105,5,708,600
train (872).jpg,800,600,doc,5,5,793,600
train (873).jpg,800,600,doc,235,25,521,525
train (874).jpg,800,600,doc,228,28,611,531
train (875).jpg,800,600,doc,1,8,800,600
train (876).jpg,800,600,doc,155,21,689,600
train (877).jpg,800,600,doc,101,15,665,591
train (878).jpg,800,600,doc,141,5,608,551
train (879).jpg,800,600,doc,35,11,748,378
train (880).jpg,800,600,doc,135,5,745,465
train (89).jpg,800,600,doc,131,1,615,600
train (881).jpg,800,600,doc,95,5,635,565
train (882).jpg,800,600,doc,198,55,561,591
train (883).jpg,800,600,doc,111,5,694,600
train (884).jpg,800,600,doc,88,1,643,600
train (885).jpg,800,600,doc,1,8,793,600
train (886).jpg,800,600,doc,88,5,712,600
train (887).jpg,800,600,doc,1,1,797,600
train (888).jpg,800,600,doc,188,31,628,555
train (889).jpg,800,600,doc,125,5,571,600
train (890).jpg,800,600,doc,181,65,601,481
train (90).jpg,800,600,doc,185,1,596,600
train (891).jpg,800,600,doc,25,65,728,428
train (892).jpg,800,600,doc,198,1,638,600
train (893).jpg,800,600,doc,38,1,691,600
train (894).jpg,800,600,doc,101,1,688,600
train (895).jpg,800,600,doc,98,98,578,425
train (896).jpg,800,600,doc,41,5,707,600
train (897).jpg,800,600,doc,101,15,761,588
train (898).jpg,800,600,doc,208,5,625,555
train (899).jpg,800,600,doc,121,28,761,548
train (900).jpg,800,600,doc,161,31,649,600
train (10).jpg,800,600,doc,238,5,595,548
train (91).jpg,800,600,doc,141,8,541,491
train (901).jpg,800,600,doc,158,18,618,561
train (902).jpg,800,600,doc,1,1,800,600
train (903).jpg,800,600,doc,91,18,711,565
train (904).jpg,800,600,doc,8,1,798,600
train (905).jpg,800,600,doc,95,1,761,571
train (906).jpg,800,600,doc,195,5,585,545
train (907).jpg,800,600,doc,145,55,625,441
train (908).jpg,800,600,doc,215,25,678,531
train (909).jpg,800,600,doc,228,18,577,600
train (910).jpg,800,600,doc,118,1,575,555
train (92).jpg,800,600,doc,5,112,800,488
train (911).jpg,800,600,doc,168,85,555,545
train (912).jpg,800,600,doc,161,81,621,518
train (913).jpg,800,600,doc,45,51,758,488
train (914).jpg,800,600,doc,181,68,618,515
train (915).jpg,800,600,doc,155,8,574,600
train (916).jpg,800,600,doc,255,1,525,551
train (917).jpg,800,600,doc,5,18,800,579
train (918).jpg,800,600,doc,185,8,711,535
train (919).jpg,800,600,doc,188,15,668,505
train (920).jpg,800,600,doc,181,1,569,600
train (93).jpg,800,600,doc,208,5,621,600
train (921).jpg,800,600,doc,15,58,775,600
train (922).jpg,800,600,doc,5,95,800,569
train (923).jpg,800,600,doc,41,5,555,595
train (924).jpg,800,600,doc,195,1,621,551
train (925).jpg,800,600,doc,218,65,611,591
train (926).jpg,800,600,doc,121,1,725,600
train (927).jpg,800,600,doc,135,1,739,600
train (928).jpg,800,600,doc,288,1,581,555
train (929).jpg,800,600,doc,111,8,716,600
train (930).jpg,800,600,doc,5,41,800,526
train (94).jpg,800,600,doc,21,51,762,600
train (931).jpg,800,600,doc,138,5,655,598
train (932).jpg,800,600,doc,127,1,741,600
train (933).jpg,800,600,doc,1,105,771,535
train (934).jpg,800,600,doc,258,28,586,600
train (935).jpg,800,600,doc,128,61,698,515
train (936).jpg,800,600,doc,8,11,784,600
train (937).jpg,800,600,doc,165,1,571,501
train (938).jpg,800,600,doc,191,11,571,535
train (939).jpg,800,600,doc,145,11,641,468
train (940).jpg,800,600,doc,105,35,655,538
train (95).jpg,800,600,doc,145,31,638,600
train (941).jpg,800,600,doc,145,5,621,548
train (942).jpg,800,600,doc,65,21,783,600
train (943).jpg,800,600,doc,111,11,581,575
train (944).jpg,800,600,doc,135,11,735,558
train (945).jpg,800,600,doc,78,5,679,600
train (946).jpg,800,600,doc,131,8,582,600
train (947).jpg,800,600,doc,45,35,751,600
train (948).jpg,800,600,doc,288,1,545,600
train (949).jpg,800,600,doc,58,5,665,518
train (950).jpg,800,600,doc,288,1,682,600
train (96).jpg,800,600,doc,158,55,688,548
train (951).jpg,800,600,doc,235,1,571,600
train (952).jpg,800,600,doc,68,71,800,492
train (952).jpg,800,600,doc,88,81,378,345
train (953).jpg,800,600,doc,195,48,648,555
train (954).jpg,800,600,doc,348,1,635,600
train (955).jpg,800,600,doc,98,5,690,600
train (956).jpg,800,600,doc,35,81,771,595
train (957).jpg,800,600,doc,238,25,561,581
train (958).jpg,800,600,doc,161,25,705,588
train (959).jpg,800,600,doc,181,28,701,575
train (960).jpg,800,600,doc,85,71,741,461
train (97).jpg,800,600,doc,31,48,735,458
train (961).jpg,800,600,doc,178,45,658,581
train (962).jpg,800,600,doc,25,18,728,588
train (963).jpg,800,600,doc,1,5,800,600
train (964).jpg,800,600,doc,128,1,635,600
train (965).jpg,800,600,doc,5,1,767,600
train (966).jpg,800,600,doc,111,5,668,571
train (967).jpg,800,600,doc,138,8,639,600
train (968).jpg,800,600,doc,105,5,665,591
train (969).jpg,800,600,doc,228,5,665,491
train (970).jpg,800,600,doc,185,51,718,531
train (98).jpg,800,600,doc,55,105,741,461
train (971).jpg,800,600,doc,111,5,649,600
train (972).jpg,800,600,doc,91,1,645,600
train (973).jpg,800,600,doc,191,21,621,568
train (974).jpg,800,600,doc,125,8,618,561
train (975).jpg,800,600,doc,178,1,638,600
train (976).jpg,800,600,doc,195,45,655,558
train (977).jpg,800,600,doc,48,5,721,565
train (978).jpg,800,600,doc,85,5,594,600
train (979).jpg,800,600,doc,155,1,671,545
train (980).jpg,800,600,doc,211,71,651,425
train (99).jpg,800,600,doc,171,21,462,600
train (99).jpg,800,600,doc,448,248,665,408
train (981).jpg,800,600,doc,55,65,625,548
train (982).jpg,800,600,doc,175,5,605,528
train (983).jpg,800,600,doc,95,18,658,581
train (984).jpg,800,600,doc,238,25,605,568
train (985).jpg,800,600,doc,165,38,578,571
train (986).jpg,800,600,doc,98,1,683,600
train (987).jpg,800,600,doc,28,18,800,441
train (988).jpg,800,600,doc,115,5,708,538
train (989).jpg,800,600,doc,1,35,578,455
train (990).jpg,800,600,doc,185,41,638,431
train (100).jpg,800,600,doc,85,5,715,600
train (991).jpg,800,600,doc,138,1,643,600
train (992).jpg,800,600,doc,168,1,638,600
train (993).jpg,800,600,doc,175,5,692,600
train (994).jpg,800,600,doc,81,45,718,575
train (995).jpg,800,600,doc,98,5,708,578
train (996).jpg,800,600,doc,5,41,800,529
train (997).jpg,800,600,doc,191,38,621,531
train (998).jpg,800,600,doc,184,5,592,600
train (999).jpg,800,600,doc,5,41,800,597
train (1000).jpg,800,600,doc,211,55,598,475
